Workbook
Name NativeTimeline_ORDER_DATE: #N/A
Name Slicer_DEAL_SIZE: #N/A
Name Slicer_PRODUCT_LINE: #N/A
Name Slicer_TERRITORY: #N/A

Sheet Sales
A1: QUANTITY ORDERED | B1: PRICE EACH | C1: SALES | D1: ORDER DATE | E1: STATUS | F1: QTR_ID | G1: MONTH_ID | H1: YEAR_ID | I1: PRODUCT LINE | J1: MSRP | K1: PRICE VARIANCE | L1: AVG DISCOUNT | M1: DISCOUNT RANGE | N1: CITY | O1: COUNTRY | P1: TERRITORY | Q1: DEAL SIZE
A2: 30 | B2: 95.7 | C2: =Sales!$B2*Sales!$A2 -> 2871 | D2: 37676 | E2: Shipped | F2: 1 | G2: 2 | H2: 2003 | I2: Motorcycles | J2: 95 | K2: =Sales!$B2-Sales!$J2 -> 0.7 | L2: =(Sales!$J2-Sales!$B2)/Sales!$J2 -> -0.0073684211 | M2: =IF(L2<0%,"Below 0%",IF(L2=0%,"0%",IF(AND(L2<=5%,L2>0%),"0%-5%",IF(AND(L2<=10%,L2>5%),"5%-10%",IF(AND(L2<=15%,L2>10%),"10%-15%",IF(AND(L2<=20%,L2>15%),"15%-20%","+20%")))))) -> Below 0% | N2: NYC | O2: USA | P2: NA | Q2: Small
A3: 34 | B3: 81.35 | C3: =Sales!$B3*Sales!$A3 -> 2765.9 | D3: 37748 | E3: Shipped | F3: 2 | G3: 5 | H3: 2003 | I3: Motorcycles | J3: 95 | K3: =Sales!$B3-Sales!$J3 -> -13.65 | L3: =(Sales!$J3-Sales!$B3)/Sales!$J3 -> 0.14368421 | M3: =IF(L3<0%,"Below 0%",IF(L3=0%,"0%",IF(AND(L3<=5%,L3>0%),"0%-5%",IF(AND(L3<=10%,L3>5%),"5%-10%",IF(AND(L3<=15%,L3>10%),"10%-15%",IF(AND(L3<=20%,L3>15%),"15%-20%","+20%")))))) -> 10%-15% | N3: Reims | O3: France | P3: EMEA | Q3: Small
A4: 41 | B4: 94.74 | C4: =Sales!$B4*Sales!$A4 -> 3884.34 | D4: 37803 | E4: Shipped | F4: 3 | G4: 7 | H4: 2003 | I4: Motorcycles | J4: 95 | K4: =Sales!$B4-Sales!$J4 -> -0.26 | L4: =(Sales!$J4-Sales!$B4)/Sales!$J4 -> 0.0027368421 | M4: 0% | N4: Paris | O4: France | P4: EMEA | Q4: Medium
A5: 45 | B5: 83.26 | C5: =Sales!$B5*Sales!$A5 -> 3746.7 | D5: 37858 | E5: Shipped | F5: 3 | G5: 8 | H5: 2003 | I5: Motorcycles | J5: 95 | K5: =Sales!$B5-Sales!$J5 -> -11.74 | L5: =(Sales!$J5-Sales!$B5)/Sales!$J5 -> 0.12357895 | M5: =IF(L5<0%,"Below 0%",IF(L5=0%,"0%",IF(AND(L5<=5%,L5>0%),"0%-5%",IF(AND(L5<=10%,L5>5%),"5%-10%",IF(AND(L5<=15%,L5>10%),"10%-15%",IF(AND(L5<=20%,L5>15%),"15%-20%","+20%")))))) -> 10%-15% | N5: Pasadena | O5: USA | P5: NA | Q5: Medium
A6: 49 | B6: 100 | C6: =Sales!$B6*Sales!$A6 -> 4900 | D6: 37904 | E6: Shipped | F6: 4 | G6: 10 | H6: 2003 | I6: Motorcycles | J6: 95 | K6: =Sales!$B6-Sales!$J6 -> 5 | L6: =(Sales!$J6-Sales!$B6)/Sales!$J6 -> -0.052631579 | M6: =IF(L6<0%,"Below 0%",IF(L6=0%,"0%",IF(AND(L6<=5%,L6>0%),"0%-5%",IF(AND(L6<=10%,L6>5%),"5%-10%",IF(AND(L6<=15%,L6>10%),"10%-15%",IF(AND(L6<=20%,L6>15%),"15%-20%","+20%")))))) -> Below 0% | N6: San Francisco | O6: USA | P6: NA | Q6: Medium
A7: 36 | B7: 96.66 | C7: =Sales!$B7*Sales!$A7 -> 3479.76 | D7: 37922 | E7: Shipped | F7: 4 | G7: 10 | H7: 2003 | I7: Motorcycles | J7: 95 | K7: =Sales!$B7-Sales!$J7 -> 1.66 | L7: =(Sales!$J7-Sales!$B7)/Sales!$J7 -> -0.017473684 | M7: =IF(L7<0%,"Below 0%",IF(L7=0%,"0%",IF(AND(L7<=5%,L7>0%),"0%-5%",IF(AND(L7<=10%,L7>5%),"5%-10%",IF(AND(L7<=15%,L7>10%),"10%-15%",IF(AND(L7<=20%,L7>15%),"15%-20%","+20%")))))) -> Below 0% | N7: Burlingame | O7: USA | P7: NA | Q7: Medium
A8: 29 | B8: 86.13 | C8: =Sales!$B8*Sales!$A8 -> 2497.77 | D8: 37936 | E8: Shipped | F8: 4 | G8: 11 | H8: 2003 | I8: Motorcycles | J8: 95 | K8: =Sales!$B8-Sales!$J8 -> -8.87 | L8: =(Sales!$J8-Sales!$B8)/Sales!$J8 -> 0.093368421 | M8: =IF(L8<0%,"Below 0%",IF(L8=0%,"0%",IF(AND(L8<=5%,L8>0%),"0%-5%",IF(AND(L8<=10%,L8>5%),"5%-10%",IF(AND(L8<=15%,L8>10%),"10%-15%",IF(AND(L8<=20%,L8>15%),"15%-20%","+20%")))))) -> 5%-10% | N8: Lille | O8: France | P8: EMEA | Q8: Small
A9: 48 | B9: 100 | C9: =Sales!$B9*Sales!$A9 -> 4800 | D9: 37943 | E9: Shipped | F9: 4 | G9: 11 | H9: 2003 | I9: Motorcycles | J9: 95 | K9: =Sales!$B9-Sales!$J9 -> 5 | L9: =(Sales!$J9-Sales!$B9)/Sales!$J9 -> -0.052631579 | M9: =IF(L9<0%,"Below 0%",IF(L9=0%,"0%",IF(AND(L9<=5%,L9>0%),"0%-5%",IF(AND(L9<=10%,L9>5%),"5%-10%",IF(AND(L9<=15%,L9>10%),"10%-15%",IF(AND(L9<=20%,L9>15%),"15%-20%","+20%")))))) -> Below 0% | N9: Bergen | O9: Norway | P9: EMEA | Q9: Medium
A10: 22 | B10: 98.57 | C10: =Sales!$B10*Sales!$A10 -> 2168.54 | D10: 37956 | E10: Shipped | F10: 4 | G10: 12 | H10: 2003 | I10: Motorcycles | J10: 95 | K10: =Sales!$B10-Sales!$J10 -> 3.57 | L10: =(Sales!$J10-Sales!$B10)/Sales!$J10 -> -0.037578947 | M10: =IF(L10<0%,"Below 0%",IF(L10=0%,"0%",IF(AND(L10<=5%,L10>0%),"0%-5%",IF(AND(L10<=10%,L10>5%),"5%-10%",IF(AND(L10<=15%,L10>10%),"10%-15%",IF(AND(L10<=20%,L10>15%),"15%-20%","+20%")))))) -> Below 0% | N10: San Francisco | O10: USA | P10: NA | Q10: Small
A11: 41 | B11: 100 | C11: =Sales!$B11*Sales!$A11 -> 4100 | D11: 38001 | E11: Shipped | F11: 1 | G11: 1 | H11: 2004 | I11: Motorcycles | J11: 95 | K11: =Sales!$B11-Sales!$J11 -> 5 | L11: =(Sales!$J11-Sales!$B11)/Sales!$J11 -> -0.052631579 | M11: =IF(L11<0%,"Below 0%",IF(L11=0%,"0%",IF(AND(L11<=5%,L11>0%),"0%-5%",IF(AND(L11<=10%,L11>5%),"5%-10%",IF(AND(L11<=15%,L11>10%),"10%-15%",IF(AND(L11<=20%,L11>15%),"15%-20%","+20%")))))) -> Below 0% | N11: Paris | O11: France | P11: EMEA | Q11: Medium
A12: 37 | B12: 100 | C12: =Sales!$B12*Sales!$A12 -> 3700 | D12: 38037 | E12: Shipped | F12: 1 | G12: 2 | H12: 2004 | I12: Motorcycles | J12: 95 | K12: =Sales!$B12-Sales!$J12 -> 5 | L12: =(Sales!$J12-Sales!$B12)/Sales!$J12 -> -0.052631579 | M12: =IF(L12<0%,"Below 0%",IF(L12=0%,"0%",IF(AND(L12<=5%,L12>0%),"0%-5%",IF(AND(L12<=10%,L12>5%),"5%-10%",IF(AND(L12<=15%,L12>10%),"10%-15%",IF(AND(L12<=20%,L12>15%),"15%-20%","+20%")))))) -> Below 0% | N12: Melbourne | O12: Australia | P12: APAC | Q12: Medium
A13: 23 | B13: 100 | C13: =Sales!$B13*Sales!$A13 -> 2300 | D13: 38082 | E13: Shipped | F13: 2 | G13: 4 | H13: 2004 | I13: Motorcycles | J13: 95 | K13: =Sales!$B13-Sales!$J13 -> 5 | L13: =(Sales!$J13-Sales!$B13)/Sales!$J13 -> -0.052631579 | M13: =IF(L13<0%,"Below 0%",IF(L13=0%,"0%",IF(AND(L13<=5%,L13>0%),"0%-5%",IF(AND(L13<=10%,L13>5%),"5%-10%",IF(AND(L13<=15%,L13>10%),"10%-15%",IF(AND(L13<=20%,L13>15%),"15%-20%","+20%")))))) -> Below 0% | N13: NYC | O13: USA | P13: NA | Q13: Small
A14: 28 | B14: 100 | C14: =Sales!$B14*Sales!$A14 -> 2800 | D14: 38125 | E14: Shipped | F14: 2 | G14: 5 | H14: 2004 | I14: Motorcycles | J14: 95 | K14: =Sales!$B14-Sales!$J14 -> 5 | L14: =(Sales!$J14-Sales!$B14)/Sales!$J14 -> -0.052631579 | M14: =IF(L14<0%,"Below 0%",IF(L14=0%,"0%",IF(AND(L14<=5%,L14>0%),"0%-5%",IF(AND(L14<=10%,L14>5%),"5%-10%",IF(AND(L14<=15%,L14>10%),"10%-15%",IF(AND(L14<=20%,L14>15%),"15%-20%","+20%")))))) -> Below 0% | N14: Newark | O14: USA | P14: NA | Q14: Medium
A15: 34 | B15: 100 | C15: =Sales!$B15*Sales!$A15 -> 3400 | D15: 38166 | E15: Shipped | F15: 2 | G15: 6 | H15: 2004 | I15: Motorcycles | J15: 95 | K15: =Sales!$B15-Sales!$J15 -> 5 | L15: =(Sales!$J15-Sales!$B15)/Sales!$J15 -> -0.052631579 | M15: =IF(L15<0%,"Below 0%",IF(L15=0%,"0%",IF(AND(L15<=5%,L15>0%),"0%-5%",IF(AND(L15<=10%,L15>5%),"5%-10%",IF(AND(L15<=15%,L15>10%),"10%-15%",IF(AND(L15<=20%,L15>15%),"15%-20%","+20%")))))) -> Below 0% | N15: Bridgewater | O15: USA | P15: NA | Q15: Medium
A16: 45 | B16: 92.83 | C16: =Sales!$B16*Sales!$A16 -> 4177.35 | D16: 38191 | E16: Shipped | F16: 3 | G16: 7 | H16: 2004 | I16: Motorcycles | J16: 95 | K16: =Sales!$B16-Sales!$J16 -> -2.17 | L16: =(Sales!$J16-Sales!$B16)/Sales!$J16 -> 0.022842105 | M16: =IF(L16<0%,"Below 0%",IF(L16=0%,"0%",IF(AND(L16<=5%,L16>0%),"0%-5%",IF(AND(L16<=10%,L16>5%),"5%-10%",IF(AND(L16<=15%,L16>10%),"10%-15%",IF(AND(L16<=20%,L16>15%),"15%-20%","+20%")))))) -> 0%-5% | N16: Nantes | O16: France | P16: EMEA | Q16: Medium
... A19: 41 | B19: 100 | C19: =Sales!$B19*Sales!$A19 -> 4100 | D19: 38275 | E19: Shipped | F19: 4 | G19: 10 | H19: 2004 | I19: Motorcycles | J19: 95 | K19: =Sales!$B19-Sales!$J19 -> 5 | L19: =(Sales!$J19-Sales!$B19)/Sales!$J19 -> -0.052631579 | M19: =IF(L19<0%,"Below 0%",IF(L19=0%,"0%",IF(AND(L19<=5%,L19>0%),"0%-5%",IF(AND(L19<=10%,L19>5%),"5%-10%",IF(AND(L19<=15%,L19>10%),"10%-15%",IF(AND(L19<=20%,L19>15%),"15%-20%","+20%")))))) -> Below 0% | N19: Stavern | O19: Norway | P19: EMEA | Q19: Medium
A20: 46 | B20: 94.74 | C20: =Sales!$B20*Sales!$A20 -> 4358.04 | D20: 38293 | E20: Shipped | F20: 4 | G20: 11 | H20: 2004 | I20: Motorcycles | J20: 95 | K20: =Sales!$B20-Sales!$J20 -> -0.26 | L20: =(Sales!$J20-Sales!$B20)/Sales!$J20 -> 0.0027368421 | M20: 0% | N20: Allentown | O20: USA | P20: NA | Q20: Medium
A21: 42 | B21: 100 | C21: =Sales!$B21*Sales!$A21 -> 4200 | D21: 38306 | E21: Shipped | F21: 4 | G21: 11 | H21: 2004 | I21: Motorcycles | J21: 95 | K21: =Sales!$B21-Sales!$J21 -> 5 | L21: =(Sales!$J21-Sales!$B21)/Sales!$J21 -> -0.052631579 | M21: =IF(L21<0%,"Below 0%",IF(L21=0%,"0%",IF(AND(L21<=5%,L21>0%),"0%-5%",IF(AND(L21<=10%,L21>5%),"5%-10%",IF(AND(L21<=15%,L21>10%),"10%-15%",IF(AND(L21<=20%,L21>15%),"15%-20%","+20%")))))) -> Below 0% | N21: NYC | O21: USA | P21: NA | Q21: Medium
A22: 41 | B22: 100 | C22: =Sales!$B22*Sales!$A22 -> 4100 | D22: 38315 | E22: Shipped | F22: 4 | G22: 11 | H22: 2004 | I22: Motorcycles | J22: 95 | K22: =Sales!$B22-Sales!$J22 -> 5 | L22: =(Sales!$J22-Sales!$B22)/Sales!$J22 -> -0.052631579 | M22: =IF(L22<0%,"Below 0%",IF(L22=0%,"0%",IF(AND(L22<=5%,L22>0%),"0%-5%",IF(AND(L22<=10%,L22>5%),"5%-10%",IF(AND(L22<=15%,L22>10%),"10%-15%",IF(AND(L22<=20%,L22>15%),"15%-20%","+20%")))))) -> Below 0% | N22: Salzburg | O22: Austria | P22: EMEA | Q22: Large
A23: 20 | B23: 72.55 | C23: =Sales!$B23*Sales!$A23 -> 1451 | D23: 38338 | E23: Shipped | F23: 4 | G23: 12 | H23: 2004 | I23: Motorcycles | J23: 95 | K23: =Sales!$B23-Sales!$J23 -> -22.45 | L23: =(Sales!$J23-Sales!$B23)/Sales!$J23 -> 0.23631579 | M23: =IF(L23<0%,"Below 0%",IF(L23=0%,"0%",IF(AND(L23<=5%,L23>0%),"0%-5%",IF(AND(L23<=10%,L23>5%),"5%-10%",IF(AND(L23<=15%,L23>10%),"10%-15%",IF(AND(L23<=20%,L23>15%),"15%-20%","+20%")))))) -> +20% | N23: Chatswood | O23: Australia | P23: APAC | Q23: Small
A24: 21 | B24: 34.91 | C24: =Sales!$B24*Sales!$A24 -> 733.11 | D24: 38386 | E24: Shipped | F24: 1 | G24: 2 | H24: 2005 | I24: Motorcycles | J24: 95 | K24: =Sales!$B24-Sales!$J24 -> -60.09 | L24: =(Sales!$J24-Sales!$B24)/Sales!$J24 -> 0.63252632 | M24: =IF(L24<0%,"Below 0%",IF(L24=0%,"0%",IF(AND(L24<=5%,L24>0%),"0%-5%",IF(AND(L24<=10%,L24>5%),"5%-10%",IF(AND(L24<=15%,L24>10%),"10%-15%",IF(AND(L24<=20%,L24>15%),"15%-20%","+20%")))))) -> +20% | N24: Nantes | O24: France | P24: EMEA | Q24: Small
A25: 42 | B25: 76.36 | C25: =Sales!$B25*Sales!$A25 -> 3207.12 | D25: 38414 | E25: Shipped | F25: 1 | G25: 3 | H25: 2005 | I25: Motorcycles | J25: 95 | K25: =Sales!$B25-Sales!$J25 -> -18.64 | L25: =(Sales!$J25-Sales!$B25)/Sales!$J25 -> 0.19621053 | M25: =IF(L25<0%,"Below 0%",IF(L25=0%,"0%",IF(AND(L25<=5%,L25>0%),"0%-5%",IF(AND(L25<=10%,L25>5%),"5%-10%",IF(AND(L25<=15%,L25>10%),"10%-15%",IF(AND(L25<=20%,L25>15%),"15%-20%","+20%")))))) -> 15%-20% | N25: New Bedford | O25: USA | P25: NA | Q25: Medium
A26: 24 | B26: 100 | C26: =Sales!$B26*Sales!$A26 -> 2400 | D26: 38450 | E26: Shipped | F26: 2 | G26: 4 | H26: 2005 | I26: Motorcycles | J26: 95 | K26: =Sales!$B26-Sales!$J26 -> 5 | L26: =(Sales!$J26-Sales!$B26)/Sales!$J26 -> -0.052631579 | M26: =IF(L26<0%,"Below 0%",IF(L26=0%,"0%",IF(AND(L26<=5%,L26>0%),"0%-5%",IF(AND(L26<=10%,L26>5%),"5%-10%",IF(AND(L26<=15%,L26>10%),"10%-15%",IF(AND(L26<=20%,L26>15%),"15%-20%","+20%")))))) -> Below 0% | N26: Liverpool | O26: UK | P26: EMEA | Q26: Small
A27: 66 | B27: 100 | C27: =Sales!$B27*Sales!$A27 -> 6600 | D27: 38485 | E27: Disputed | F27: 2 | G27: 5 | H27: 2005 | I27: Motorcycles | J27: 95 | K27: =Sales!$B27-Sales!$J27 -> 5 | L27: =(Sales!$J27-Sales!$B27)/Sales!$J27 -> -0.052631579 | M27: =IF(L27<0%,"Below 0%",IF(L27=0%,"0%",IF(AND(L27<=5%,L27>0%),"0%-5%",IF(AND(L27<=10%,L27>5%),"5%-10%",IF(AND(L27<=15%,L27>10%),"10%-15%",IF(AND(L27<=20%,L27>15%),"15%-20%","+20%")))))) -> Below 0% | N27: Madrid | O27: Spain | P27: EMEA | Q27: Large
A28: 26 | B28: 100 | C28: =Sales!$B28*Sales!$A28 -> 2600 | D28: 37650 | E28: Shipped | F28: 1 | G28: 1 | H28: 2003 | I28: Classic Cars | J28: 214 | K28: =Sales!$B28-Sales!$J28 -> -114 | L28: =(Sales!$J28-Sales!$B28)/Sales!$J28 -> 0.53271028 | M28: =IF(L28<0%,"Below 0%",IF(L28=0%,"0%",IF(AND(L28<=5%,L28>0%),"0%-5%",IF(AND(L28<=10%,L28>5%),"5%-10%",IF(AND(L28<=15%,L28>10%),"10%-15%",IF(AND(L28<=20%,L28>15%),"15%-20%","+20%")))))) -> +20% | N28: Stavern | O28: Norway | P28: EMEA | Q28: Medium
A29: 29 | B29: 100 | C29: =Sales!$B29*Sales!$A29 -> 2900 | D29: 37704 | E29: Shipped | F29: 1 | G29: 3 | H29: 2003 | I29: Classic Cars | J29: 214 | K29: =Sales!$B29-Sales!$J29 -> -114 | L29: =(Sales!$J29-Sales!$B29)/Sales!$J29 -> 0.53271028 | M29: =IF(L29<0%,"Below 0%",IF(L29=0%,"0%",IF(AND(L29<=5%,L29>0%),"0%-5%",IF(AND(L29<=10%,L29>5%),"5%-10%",IF(AND(L29<=15%,L29>10%),"10%-15%",IF(AND(L29<=20%,L29>15%),"15%-20%","+20%")))))) -> +20% | N29: Lule | O29: Sweden | P29: EMEA | Q29: Large
A30: 38 | B30: 100 | C30: =Sales!$B30*Sales!$A30 -> 3800 | D30: 37769 | E30: Shipped | F30: 2 | G30: 5 | H30: 2003 | I30: Classic Cars | J30: 214 | K30: =Sales!$B30-Sales!$J30 -> -114 | L30: =(Sales!$J30-Sales!$B30)/Sales!$J30 -> 0.53271028 | M30: =IF(L30<0%,"Below 0%",IF(L30=0%,"0%",IF(AND(L30<=5%,L30>0%),"0%-5%",IF(AND(L30<=10%,L30>5%),"5%-10%",IF(AND(L30<=15%,L30>10%),"10%-15%",IF(AND(L30<=20%,L30>15%),"15%-20%","+20%")))))) -> +20% | N30: Madrid | O30: Spain | P30: EMEA | Q30: Large
A31: 37 | B31: 100 | C31: =Sales!$B31*Sales!$A31 -> 3700 | D31: 37826 | E31: Shipped | F31: 3 | G31: 7 | H31: 2003 | I31: Classic Cars | J31: 214 | K31: =Sales!$B31-Sales!$J31 -> -114 | L31: =(Sales!$J31-Sales!$B31)/Sales!$J31 -> 0.53271028 | M31: =IF(L31<0%,"Below 0%",IF(L31=0%,"0%",IF(AND(L31<=5%,L31>0%),"0%-5%",IF(AND(L31<=10%,L31>5%),"5%-10%",IF(AND(L31<=15%,L31>10%),"10%-15%",IF(AND(L31<=20%,L31>15%),"15%-20%","+20%")))))) -> +20% | N31: Burlingame | O31: USA | P31: NA | Q31: Large
A32: 45 | B32: 100 | C32: =Sales!$B32*Sales!$A32 -> 4500 | D32: 37883 | E32: Shipped | F32: 3 | G32: 9 | H32: 2003 | I32: Classic Cars | J32: 214 | K32: =Sales!$B32-Sales!$J32 -> -114 | L32: =(Sales!$J32-Sales!$B32)/Sales!$J32 -> 0.53271028 | M32: =IF(L32<0%,"Below 0%",IF(L32=0%,"0%",IF(AND(L32<=5%,L32>0%),"0%-5%",IF(AND(L32<=10%,L32>5%),"5%-10%",IF(AND(L32<=15%,L32>10%),"10%-15%",IF(AND(L32<=20%,L32>15%),"15%-20%","+20%")))))) -> +20% | N32: Singapore | O32: Singapore | P32: APAC | Q32: Large
... A55: 50 | B55: 100 | C55: =Sales!$B55*Sales!$A55 -> 5000 | D55: 38503 | E55: In Process | F55: 2 | G55: 5 | H55: 2005 | I55: Classic Cars | J55: 214 | K55: =Sales!$B55-Sales!$J55 -> -114 | L55: =(Sales!$J55-Sales!$B55)/Sales!$J55 -> 0.53271028 | M55: =IF(L55<0%,"Below 0%",IF(L55=0%,"0%",IF(AND(L55<=5%,L55>0%),"0%-5%",IF(AND(L55<=10%,L55>5%),"5%-10%",IF(AND(L55<=15%,L55>10%),"10%-15%",IF(AND(L55<=20%,L55>15%),"15%-20%","+20%")))))) -> +20% | N55: Madrid | O55: Spain | P55: EMEA | Q55: Large
A56: 39 | B56: 99.91 | C56: =Sales!$B56*Sales!$A56 -> 3896.49 | D56: 37676 | E56: Shipped | F56: 1 | G56: 2 | H56: 2003 | I56: Motorcycles | J56: 118 | K56: =Sales!$B56-Sales!$J56 -> -18.09 | L56: =(Sales!$J56-Sales!$B56)/Sales!$J56 -> 0.15330508 | M56: 10%-15% | N56: NYC | O56: USA | P56: NA | Q56: Medium
A57: 29 | B57: 96.34 | C57: =Sales!$B57*Sales!$A57 -> 2793.86 | D57: 37740 | E57: Shipped | F57: 2 | G57: 4 | H57: 2003 | I57: Motorcycles | J57: 118 | K57: =Sales!$B57-Sales!$J57 -> -21.66 | L57: =(Sales!$J57-Sales!$B57)/Sales!$J57 -> 0.18355932 | M57: =IF(L57<0%,"Below 0%",IF(L57=0%,"0%",IF(AND(L57<=5%,L57>0%),"0%-5%",IF(AND(L57<=10%,L57>5%),"5%-10%",IF(AND(L57<=15%,L57>10%),"10%-15%",IF(AND(L57<=20%,L57>15%),"15%-20%","+20%")))))) -> 15%-20% | N57: Melbourne | O57: Australia | P57: APAC | Q57: Small
A58: 27 | B58: 100 | C58: =Sales!$B58*Sales!$A58 -> 2700 | D58: 37803 | E58: Shipped | F58: 3 | G58: 7 | H58: 2003 | I58: Motorcycles | J58: 118 | K58: =Sales!$B58-Sales!$J58 -> -18 | L58: =(Sales!$J58-Sales!$B58)/Sales!$J58 -> 0.15254237 | M58: 10%-15% | N58: Paris | O58: France | P58: EMEA | Q58: Medium
A59: 37 | B59: 100 | C59: =Sales!$B59*Sales!$A59 -> 3700 | D59: 37858 | E59: Shipped | F59: 3 | G59: 8 | H59: 2003 | I59: Motorcycles | J59: 118 | K59: =Sales!$B59-Sales!$J59 -> -18 | L59: =(Sales!$J59-Sales!$B59)/Sales!$J59 -> 0.15254237 | M59: 10%-15% | N59: Pasadena | O59: USA | P59: NA | Q59: Medium
A60: 37 | B60: 100 | C60: =Sales!$B60*Sales!$A60 -> 3700 | D60: 37904 | E60: Shipped | F60: 4 | G60: 10 | H60: 2003 | I60: Motorcycles | J60: 118 | K60: =Sales!$B60-Sales!$J60 -> -18 | L60: =(Sales!$J60-Sales!$B60)/Sales!$J60 -> 0.15254237 | M60: 10%-15% | N60: San Francisco | O60: USA | P60: NA | Q60: Medium
A61: 27 | B61: 100 | C61: =Sales!$B61*Sales!$A61 -> 2700 | D61: 37922 | E61: Shipped | F61: 4 | G61: 10 | H61: 2003 | I61: Motorcycles | J61: 118 | K61: =Sales!$B61-Sales!$J61 -> -18 | L61: =(Sales!$J61-Sales!$B61)/Sales!$J61 -> 0.15254237 | M61: 10%-15% | N61: Burlingame | O61: USA | P61: NA | Q61: Medium
A62: 42 | B62: 100 | C62: =Sales!$B62*Sales!$A62 -> 4200 | D62: 37936 | E62: Shipped | F62: 4 | G62: 11 | H62: 2003 | I62: Motorcycles | J62: 118 | K62: =Sales!$B62-Sales!$J62 -> -18 | L62: =(Sales!$J62-Sales!$B62)/Sales!$J62 -> 0.15254237 | M62: 10%-15% | N62: Lille | O62: France | P62: EMEA | Q62: Medium
A63: 38 | B63: 96.34 | C63: =Sales!$B63*Sales!$A63 -> 3660.92 | D63: 37943 | E63: Shipped | F63: 4 | G63: 11 | H63: 2003 | I63: Motorcycles | J63: 118 | K63: =Sales!$B63-Sales!$J63 -> -21.66 | L63: =(Sales!$J63-Sales!$B63)/Sales!$J63 -> 0.18355932 | M63: =IF(L63<0%,"Below 0%",IF(L63=0%,"0%",IF(AND(L63<=5%,L63>0%),"0%-5%",IF(AND(L63<=10%,L63>5%),"5%-10%",IF(AND(L63<=15%,L63>10%),"10%-15%",IF(AND(L63<=20%,L63>15%),"15%-20%","+20%")))))) -> 15%-20% | N63: Bergen | O63: Norway | P63: EMEA | Q63: Medium
A64: 24 | B64: 100 | C64: =Sales!$B64*Sales!$A64 -> 2400 | D64: 37956 | E64: Shipped | F64: 4 | G64: 12 | H64: 2003 | I64: Motorcycles | J64: 118 | K64: =Sales!$B64-Sales!$J64 -> -18 | L64: =(Sales!$J64-Sales!$B64)/Sales!$J64 -> 0.15254237 | M64: 10%-15% | N64: San Francisco | O64: USA | P64: NA | Q64: Medium
A65: 23 | B65: 100 | C65: =Sales!$B65*Sales!$A65 -> 2300 | D65: 37998 | E65: Shipped | F65: 1 | G65: 1 | H65: 2004 | I65: Motorcycles | J65: 118 | K65: =Sales!$B65-Sales!$J65 -> -18 | L65: =(Sales!$J65-Sales!$B65)/Sales!$J65 -> 0.15254237 | M65: 10%-15% | N65: Osaka | O65: Japan | P65: Japan | Q65: Medium
A66: 47 | B66: 100 | C66: =Sales!$B66*Sales!$A66 -> 4700 | D66: 38037 | E66: Shipped | F66: 1 | G66: 2 | H66: 2004 | I66: Motorcycles | J66: 118 | K66: =Sales!$B66-Sales!$J66 -> -18 | L66: =(Sales!$J66-Sales!$B66)/Sales!$J66 -> 0.15254237 | M66: 10%-15% | N66: Melbourne | O66: Australia | P66: APAC | Q66: Medium
A67: 22 | B67: 100 | C67: =Sales!$B67*Sales!$A67 -> 2200 | D67: 38080 | E67: Shipped | F67: 2 | G67: 4 | H67: 2004 | I67: Motorcycles | J67: 118 | K67: =Sales!$B67-Sales!$J67 -> -18 | L67: =(Sales!$J67-Sales!$B67)/Sales!$J67 -> 0.15254237 | M67: 10%-15% | N67: Philadelphia | O67: USA | P67: NA | Q67: Small
A68: 44 | B68: 100 | C68: =Sales!$B68*Sales!$A68 -> 4400 | D68: 38125 | E68: Shipped | F68: 2 | G68: 5 | H68: 2004 | I68: Motorcycles | J68: 118 | K68: =Sales!$B68-Sales!$J68 -> -18 | L68: =(Sales!$J68-Sales!$B68)/Sales!$J68 -> 0.15254237 | M68: 10%-15% | N68: Newark | O68: USA | P68: NA | Q68: Medium
A69: 40 | B69: 100 | C69: =Sales!$B69*Sales!$A69 -> 4000 | D69: 38166 | E69: Shipped | F69: 2 | G69: 6 | H69: 2004 | I69: Motorcycles | J69: 118 | K69: =Sales!$B69-Sales!$J69 -> -18 | L69: =(Sales!$J69-Sales!$B69)/Sales!$J69 -> 0.15254237 | M69: 10%-15% | N69: Bridgewater | O69: USA | P69: NA | Q69: Medium
A70: 22 | B70: 100 | C70: =Sales!$B70*Sales!$A70 -> 2200 | D70: 38191 | E70: Shipped | F70: 3 | G70: 7 | H70: 2004 | I70: Motorcycles | J70: 118 | K70: =Sales!$B70-Sales!$J70 -> -18 | L70: =(Sales!$J70-Sales!$B70)/Sales!$J70 -> 0.15254237 | M70: 10%-15% | N70: Nantes | O70: France | P70: EMEA | Q70: Small
A71: 47 | B71: 100 | C71: =Sales!$B71*Sales!$A71 -> 4700 | D71: 38226 | E71: Shipped | F71: 3 | G71: 8 | H71: 2004 | I71: Motorcycles | J71: 118 | K71: =Sales!$B71-Sales!$J71 -> -18 | L71: =(Sales!$J71-Sales!$B71)/Sales!$J71 -> 0.15254237 | M71: 10%-15% | N71: Cambridge | O71: USA | P71: NA | Q71: Medium
A72: 39 | B72: 96.34 | C72: =Sales!$B72*Sales!$A72 -> 3757.26 | D72: 38257 | E72: Shipped | F72: 3 | G72: 9 | H72: 2004 | I72: Motorcycles | J72: 118 | K72: =Sales!$B72-Sales!$J72 -> -21.66 | L72: =(Sales!$J72-Sales!$B72)/Sales!$J72 -> 0.18355932 | M72: =IF(L72<0%,"Below 0%",IF(L72=0%,"0%",IF(AND(L72<=5%,L72>0%),"0%-5%",IF(AND(L72<=10%,L72>5%),"5%-10%",IF(AND(L72<=15%,L72>10%),"10%-15%",IF(AND(L72<=20%,L72>15%),"15%-20%","+20%")))))) -> 15%-20% | N72: Nantes | O72: France | P72: EMEA | Q72: Medium
A73: 34 | B73: 100 | C73: =Sales!$B73*Sales!$A73 -> 3400 | D73: 38275 | E73: Shipped | F73: 4 | G73: 10 | H73: 2004 | I73: Motorcycles | J73: 118 | K73: =Sales!$B73-Sales!$J73 -> -18 | L73: =(Sales!$J73-Sales!$B73)/Sales!$J73 -> 0.15254237 | M73: 10%-15% | N73: White Plains | O73: USA | P73: NA | Q73: Medium
A74: 45 | B74: 100 | C74: =Sales!$B74*Sales!$A74 -> 4500 | D74: 38293 | E74: Shipped | F74: 4 | G74: 11 | H74: 2004 | I74: Motorcycles | J74: 118 | K74: =Sales!$B74-Sales!$J74 -> -18 | L74: =(Sales!$J74-Sales!$B74)/Sales!$J74 -> 0.15254237 | M74: 10%-15% | N74: Allentown | O74: USA | P74: NA | Q74: Medium
A75: 20 | B75: 100 | C75: =Sales!$B75*Sales!$A75 -> 2000 | D75: 38306 | E75: Shipped | F75: 4 | G75: 11 | H75: 2004 | I75: Motorcycles | J75: 118 | K75: =Sales!$B75-Sales!$J75 -> -18 | L75: =(Sales!$J75-Sales!$B75)/Sales!$J75 -> 0.15254237 | M75: 10%-15% | N75: NYC | O75: USA | P75: NA | Q75: Medium
A76: 40 | B76: 68.92 | C76: =Sales!$B76*Sales!$A76 -> 2756.8 | D76: 38314 | E76: Shipped | F76: 4 | G76: 11 | H76: 2004 | I76: Motorcycles | J76: 118 | K76: =Sales!$B76-Sales!$J76 -> -49.08 | L76: =(Sales!$J76-Sales!$B76)/Sales!$J76 -> 0.4159322 | M76: =IF(L76<0%,"Below 0%",IF(L76=0%,"0%",IF(AND(L76<=5%,L76>0%),"0%-5%",IF(AND(L76<=10%,L76>5%),"5%-10%",IF(AND(L76<=15%,L76>10%),"10%-15%",IF(AND(L76<=20%,L76>15%),"15%-20%","+20%")))))) -> +20% | N76: Minato-ku | O76: Japan | P76: Japan | Q76: Small
A77: 26 | B77: 51.15 | C77: =Sales!$B77*Sales!$A77 -> 1329.9 | D77: 38338 | E77: Shipped | F77: 4 | G77: 12 | H77: 2004 | I77: Motorcycles | J77: 118 | K77: =Sales!$B77-Sales!$J77 -> -66.85 | L77: =(Sales!$J77-Sales!$B77)/Sales!$J77 -> 0.56652542 | M77: =IF(L77<0%,"Below 0%",IF(L77=0%,"0%",IF(AND(L77<=5%,L77>0%),"0%-5%",IF(AND(L77<=10%,L77>5%),"5%-10%",IF(AND(L77<=15%,L77>10%),"10%-15%",IF(AND(L77<=20%,L77>15%),"15%-20%","+20%")))))) -> +20% | N77: Chatswood | O77: Australia | P77: APAC | Q77: Small
A78: 39 | B78: 100 | C78: =Sales!$B78*Sales!$A78 -> 3900 | D78: 38385 | E78: Shipped | F78: 1 | G78: 2 | H78: 2005 | I78: Motorcycles | J78: 118 | K78: =Sales!$B78-Sales!$J78 -> -18 | L78: =(Sales!$J78-Sales!$B78)/Sales!$J78 -> 0.15254237 | M78: 10%-15% | N78: South Brisbane | O78: Australia | P78: APAC | Q78: Medium
A79: 50 | B79: 44.51 | C79: =Sales!$B79*Sales!$A79 -> 2225.5 | D79: 38414 | E79: Shipped | F79: 1 | G79: 3 | H79: 2005 | I79: Motorcycles | J79: 118 | K79: =Sales!$B79-Sales!$J79 -> -73.49 | L79: =(Sales!$J79-Sales!$B79)/Sales!$J79 -> 0.62279661 | M79: =IF(L79<0%,"Below 0%",IF(L79=0%,"0%",IF(AND(L79<=5%,L79>0%),"0%-5%",IF(AND(L79<=10%,L79>5%),"5%-10%",IF(AND(L79<=15%,L79>10%),"10%-15%",IF(AND(L79<=20%,L79>15%),"15%-20%","+20%")))))) -> +20% | N79: New Bedford | O79: USA | P79: NA | Q79: Small
A80: 45 | B80: 100 | C80: =Sales!$B80*Sales!$A80 -> 4500 | D80: 38449 | E80: Shipped | F80: 2 | G80: 4 | H80: 2005 | I80: Motorcycles | J80: 118 | K80: =Sales!$B80-Sales!$J80 -> -18 | L80: =(Sales!$J80-Sales!$B80)/Sales!$J80 -> 0.15254237 | M80: 10%-15% | N80: Paris | O80: France | P80: EMEA | Q80: Medium
A81: 45 | B81: 100 | C81: =Sales!$B81*Sales!$A81 -> 4500 | D81: 38485 | E81: Disputed | F81: 2 | G81: 5 | H81: 2005 | I81: Motorcycles | J81: 118 | K81: =Sales!$B81-Sales!$J81 -> -18 | L81: =(Sales!$J81-Sales!$B81)/Sales!$J81 -> 0.15254237 | M81: 10%-15% | N81: Madrid | O81: Spain | P81: EMEA | Q81: Medium
A82: 27 | B82: 100 | C82: =Sales!$B82*Sales!$A82 -> 2700 | D82: 37676 | E82: Shipped | F82: 1 | G82: 2 | H82: 2003 | I82: Motorcycles | J82: 193 | K82: =Sales!$B82-Sales!$J82 -> -93 | L82: =(Sales!$J82-Sales!$B82)/Sales!$J82 -> 0.48186528 | M82: =IF(L82<0%,"Below 0%",IF(L82=0%,"0%",IF(AND(L82<=5%,L82>0%),"0%-5%",IF(AND(L82<=10%,L82>5%),"5%-10%",IF(AND(L82<=15%,L82>10%),"10%-15%",IF(AND(L82<=20%,L82>15%),"15%-20%","+20%")))))) -> +20% | N82: NYC | O82: USA | P82: NA | Q82: Medium
A83: 46 | B83: 100 | C83: =Sales!$B83*Sales!$A83 -> 4600 | D83: 37740 | E83: Shipped | F83: 2 | G83: 4 | H83: 2003 | I83: Motorcycles | J83: 193 | K83: =Sales!$B83-Sales!$J83 -> -93 | L83: =(Sales!$J83-Sales!$B83)/Sales!$J83 -> 0.48186528 | M83: =IF(L83<0%,"Below 0%",IF(L83=0%,"0%",IF(AND(L83<=5%,L83>0%),"0%-5%",IF(AND(L83<=10%,L83>5%),"5%-10%",IF(AND(L83<=15%,L83>10%),"10%-15%",IF(AND(L83<=20%,L83>15%),"15%-20%","+20%")))))) -> +20% | N83: Melbourne | O83: Australia | P83: APAC | Q83: Large
A84: 31 | B84: 100 | C84: =Sales!$B84*Sales!$A84 -> 3100 | D84: 37803 | E84: Shipped | F84: 3 | G84: 7 | H84: 2003 | I84: Motorcycles | J84: 193 | K84: =Sales!$B84-Sales!$J84 -> -93 | L84: =(Sales!$J84-Sales!$B84)/Sales!$J84 -> 0.48186528 | M84: =IF(L84<0%,"Below 0%",IF(L84=0%,"0%",IF(AND(L84<=5%,L84>0%),"0%-5%",IF(AND(L84<=10%,L84>5%),"5%-10%",IF(AND(L84<=15%,L84>10%),"10%-15%",IF(AND(L84<=20%,L84>15%),"15%-20%","+20%")))))) -> +20% | N84: Paris | O84: France | P84: EMEA | Q84: Large
A85: 33 | B85: 100 | C85: =Sales!$B85*Sales!$A85 -> 3300 | D85: 37858 | E85: Shipped | F85: 3 | G85: 8 | H85: 2003 | I85: Motorcycles | J85: 193 | K85: =Sales!$B85-Sales!$J85 -> -93 | L85: =(Sales!$J85-Sales!$B85)/Sales!$J85 -> 0.48186528 | M85: =IF(L85<0%,"Below 0%",IF(L85=0%,"0%",IF(AND(L85<=5%,L85>0%),"0%-5%",IF(AND(L85<=10%,L85>5%),"5%-10%",IF(AND(L85<=15%,L85>10%),"10%-15%",IF(AND(L85<=20%,L85>15%),"15%-20%","+20%")))))) -> +20% | N85: Pasadena | O85: USA | P85: NA | Q85: Medium
A86: 22 | B86: 100 | C86: =Sales!$B86*Sales!$A86 -> 2200 | D86: 37904 | E86: Shipped | F86: 4 | G86: 10 | H86: 2003 | I86: Motorcycles | J86: 193 | K86: =Sales!$B86-Sales!$J86 -> -93 | L86: =(Sales!$J86-Sales!$B86)/Sales!$J86 -> 0.48186528 | M86: =IF(L86<0%,"Below 0%",IF(L86=0%,"0%",IF(AND(L86<=5%,L86>0%),"0%-5%",IF(AND(L86<=10%,L86>5%),"5%-10%",IF(AND(L86<=15%,L86>10%),"10%-15%",IF(AND(L86<=20%,L86>15%),"15%-20%","+20%")))))) -> +20% | N86: San Francisco | O86: USA | P86: NA | Q86: Medium
A87: 20 | B87: 100 | C87: =Sales!$B87*Sales!$A87 -> 2000 | D87: 37922 | E87: Shipped | F87: 4 | G87: 10 | H87: 2003 | I87: Motorcycles | J87: 193 | K87: =Sales!$B87-Sales!$J87 -> -93 | L87: =(Sales!$J87-Sales!$B87)/Sales!$J87 -> 0.48186528 | M87: =IF(L87<0%,"Below 0%",IF(L87=0%,"0%",IF(AND(L87<=5%,L87>0%),"0%-5%",IF(AND(L87<=10%,L87>5%),"5%-10%",IF(AND(L87<=15%,L87>10%),"10%-15%",IF(AND(L87<=20%,L87>15%),"15%-20%","+20%")))))) -> +20% | N87: Burlingame | O87: USA | P87: NA | Q87: Medium
A88: 41 | B88: 100 | C88: =Sales!$B88*Sales!$A88 -> 4100 | D88: 37936 | E88: Shipped | F88: 4 | G88: 11 | H88: 2003 | I88: Motorcycles | J88: 193 | K88: =Sales!$B88-Sales!$J88 -> -93 | L88: =(Sales!$J88-Sales!$B88)/Sales!$J88 -> 0.48186528 | M88: =IF(L88<0%,"Below 0%",IF(L88=0%,"0%",IF(AND(L88<=5%,L88>0%),"0%-5%",IF(AND(L88<=10%,L88>5%),"5%-10%",IF(AND(L88<=15%,L88>10%),"10%-15%",IF(AND(L88<=20%,L88>15%),"15%-20%","+20%")))))) -> +20% | N88: Lille | O88: France | P88: EMEA | Q88: Large
A89: 45 | B89: 100 | C89: =Sales!$B89*Sales!$A89 -> 4500 | D89: 37943 | E89: Shipped | F89: 4 | G89: 11 | H89: 2003 | I89: Motorcycles | J89: 193 | K89: =Sales!$B89-Sales!$J89 -> -93 | L89: =(Sales!$J89-Sales!$B89)/Sales!$J89 -> 0.48186528 | M89: =IF(L89<0%,"Below 0%",IF(L89=0%,"0%",IF(AND(L89<=5%,L89>0%),"0%-5%",IF(AND(L89<=10%,L89>5%),"5%-10%",IF(AND(L89<=15%,L89>10%),"10%-15%",IF(AND(L89<=20%,L89>15%),"15%-20%","+20%")))))) -> +20% | N89: Bergen | O89: Norway | P89: EMEA | Q89: Large
A90: 49 | B90: 100 | C90: =Sales!$B90*Sales!$A90 -> 4900 | D90: 37956 | E90: Shipped | F90: 4 | G90: 12 | H90: 2003 | I90: Motorcycles | J90: 193 | K90: =Sales!$B90-Sales!$J90 -> -93 | L90: =(Sales!$J90-Sales!$B90)/Sales!$J90 -> 0.48186528 | M90: =IF(L90<0%,"Below 0%",IF(L90=0%,"0%",IF(AND(L90<=5%,L90>0%),"0%-5%",IF(AND(L90<=10%,L90>5%),"5%-10%",IF(AND(L90<=15%,L90>10%),"10%-15%",IF(AND(L90<=20%,L90>15%),"15%-20%","+20%")))))) -> +20% | N90: San Francisco | O90: USA | P90: NA | Q90: Large
A91: 34 | B91: 100 | C91: =Sales!$B91*Sales!$A91 -> 3400 | D91: 37998 | E91: Shipped | F91: 1 | G91: 1 | H91: 2004 | I91: Motorcycles | J91: 193 | K91: =Sales!$B91-Sales!$J91 -> -93 | L91: =(Sales!$J91-Sales!$B91)/Sales!$J91 -> 0.48186528 | M91: =IF(L91<0%,"Below 0%",IF(L91=0%,"0%",IF(AND(L91<=5%,L91>0%),"0%-5%",IF(AND(L91<=10%,L91>5%),"5%-10%",IF(AND(L91<=15%,L91>10%),"10%-15%",IF(AND(L91<=20%,L91>15%),"15%-20%","+20%")))))) -> +20% | N91: Osaka | O91: Japan | P91: Japan | Q91: Medium
A92: 49 | B92: 100 | C92: =Sales!$B92*Sales!$A92 -> 4900 | D92: 38037 | E92: Shipped | F92: 1 | G92: 2 | H92: 2004 | I92: Motorcycles | J92: 193 | K92: =Sales!$B92-Sales!$J92 -> -93 | L92: =(Sales!$J92-Sales!$B92)/Sales!$J92 -> 0.48186528 | M92: =IF(L92<0%,"Below 0%",IF(L92=0%,"0%",IF(AND(L92<=5%,L92>0%),"0%-5%",IF(AND(L92<=10%,L92>5%),"5%-10%",IF(AND(L92<=15%,L92>10%),"10%-15%",IF(AND(L92<=20%,L92>15%),"15%-20%","+20%")))))) -> +20% | N92: Melbourne | O92: Australia | P92: APAC | Q92: Large
A93: 39 | B93: 100 | C93: =Sales!$B93*Sales!$A93 -> 3900 | D93: 38082 | E93: Shipped | F93: 2 | G93: 4 | H93: 2004 | I93: Motorcycles | J93: 193 | K93: =Sales!$B93-Sales!$J93 -> -93 | L93: =(Sales!$J93-Sales!$B93)/Sales!$J93 -> 0.48186528 | M93: =IF(L93<0%,"Below 0%",IF(L93=0%,"0%",IF(AND(L93<=5%,L93>0%),"0%-5%",IF(AND(L93<=10%,L93>5%),"5%-10%",IF(AND(L93<=15%,L93>10%),"10%-15%",IF(AND(L93<=20%,L93>15%),"15%-20%","+20%")))))) -> +20% | N93: NYC | O93: USA | P93: NA | Q93: Large
... A345: 32 | B345: 63.84 | C345: =Sales!$B345*Sales!$A345 -> 2042.88 | D345: 37749 | E345: Shipped | F345: 2 | G345: 5 | H345: 2003 | I345: Classic Cars | J345: 79 | K345: =Sales!$B345-Sales!$J345 -> -15.16 | L345: =(Sales!$J345-Sales!$B345)/Sales!$J345 -> 0.19189873 | M345: =IF(L345<0%,"Below 0%",IF(L345=0%,"0%",IF(AND(L345<=5%,L345>0%),"0%-5%",IF(AND(L345<=10%,L345>5%),"5%-10%",IF(AND(L345<=15%,L345>10%),"10%-15%",IF(AND(L345<=20%,L345>15%),"15%-20%","+20%")))))) -> 15%-20% | N345: Marseille | O345: France | P345: EMEA | Q345: Small
A346: 24 | B346: 75.01 | C346: =Sales!$B346*Sales!$A346 -> 1800.24 | D346: 37804 | E346: Shipped | F346: 3 | G346: 7 | H346: 2003 | I346: Classic Cars | J346: 79 | K346: =Sales!$B346-Sales!$J346 -> -3.99 | L346: =(Sales!$J346-Sales!$B346)/Sales!$J346 -> 0.050506329 | M346: 0%-5% | N346: San Rafael | O346: USA | P346: NA | Q346: Small
A347: 21 | B347: 63.84 | C347: =Sales!$B347*Sales!$A347 -> 1340.64 | D347: 37869 | E347: Shipped | F347: 3 | G347: 9 | H347: 2003 | I347: Classic Cars | J347: 79 | K347: =Sales!$B347-Sales!$J347 -> -15.16 | L347: =(Sales!$J347-Sales!$B347)/Sales!$J347 -> 0.19189873 | M347: =IF(L347<0%,"Below 0%",IF(L347=0%,"0%",IF(AND(L347<=5%,L347>0%),"0%-5%",IF(AND(L347<=10%,L347>5%),"5%-10%",IF(AND(L347<=15%,L347>10%),"10%-15%",IF(AND(L347<=20%,L347>15%),"15%-20%","+20%")))))) -> 15%-20% | N347: Brickhaven | O347: USA | P347: NA | Q347: Small
A348: 24 | B348: 73.42 | C348: =Sales!$B348*Sales!$A348 -> 1762.08 | D348: 37904 | E348: Shipped | F348: 4 | G348: 10 | H348: 2003 | I348: Classic Cars | J348: 79 | K348: =Sales!$B348-Sales!$J348 -> -5.58 | L348: =(Sales!$J348-Sales!$B348)/Sales!$J348 -> 0.070632911 | M348: =IF(L348<0%,"Below 0%",IF(L348=0%,"0%",IF(AND(L348<=5%,L348>0%),"0%-5%",IF(AND(L348<=10%,L348>5%),"5%-10%",IF(AND(L348<=15%,L348>10%),"10%-15%",IF(AND(L348<=20%,L348>15%),"15%-20%","+20%")))))) -> 5%-10% | N348: San Francisco | O348: USA | P348: NA | Q348: Small
A349: 36 | B349: 63.84 | C349: =Sales!$B349*Sales!$A349 -> 2298.24 | D349: 37929 | E349: Shipped | F349: 4 | G349: 11 | H349: 2003 | I349: Classic Cars | J349: 79 | K349: =Sales!$B349-Sales!$J349 -> -15.16 | L349: =(Sales!$J349-Sales!$B349)/Sales!$J349 -> 0.19189873 | M349: =IF(L349<0%,"Below 0%",IF(L349=0%,"0%",IF(AND(L349<=5%,L349>0%),"0%-5%",IF(AND(L349<=10%,L349>5%),"5%-10%",IF(AND(L349<=15%,L349>10%),"10%-15%",IF(AND(L349<=20%,L349>15%),"15%-20%","+20%")))))) -> 15%-20% | N349: North Sydney | O349: Australia | P349: APAC | Q349: Small
A350: 20 | B350: 81.4 | C350: =Sales!$B350*Sales!$A350 -> 1628 | D350: 37937 | E350: Shipped | F350: 4 | G350: 11 | H350: 2003 | I350: Classic Cars | J350: 79 | K350: =Sales!$B350-Sales!$J350 -> 2.4 | L350: =(Sales!$J350-Sales!$B350)/Sales!$J350 -> -0.030379747 | M350: =IF(L350<0%,"Below 0%",IF(L350=0%,"0%",IF(AND(L350<=5%,L350>0%),"0%-5%",IF(AND(L350<=10%,L350>5%),"5%-10%",IF(AND(L350<=15%,L350>10%),"10%-15%",IF(AND(L350<=20%,L350>15%),"15%-20%","+20%")))))) -> Below 0% | N350: Bergen | O350: Norway | P350: EMEA | Q350: Small
A351: 30 | B351: 64.64 | C351: =Sales!$B351*Sales!$A351 -> 1939.2 | D351: 37945 | E351: Shipped | F351: 4 | G351: 11 | H351: 2003 | I351: Classic Cars | J351: 79 | K351: =Sales!$B351-Sales!$J351 -> -14.36 | L351: =(Sales!$J351-Sales!$B351)/Sales!$J351 -> 0.18177215 | M351: =IF(L351<0%,"Below 0%",IF(L351=0%,"0%",IF(AND(L351<=5%,L351>0%),"0%-5%",IF(AND(L351<=10%,L351>5%),"5%-10%",IF(AND(L351<=15%,L351>10%),"10%-15%",IF(AND(L351<=20%,L351>15%),"15%-20%","+20%")))))) -> 15%-20% | N351: Koln | O351: Germany | P351: EMEA | Q351: Small
A352: 44 | B352: 82.99 | C352: =Sales!$B352*Sales!$A352 -> 3651.56 | D352: 37957 | E352: Shipped | F352: 4 | G352: 12 | H352: 2003 | I352: Classic Cars | J352: 79 | K352: =Sales!$B352-Sales!$J352 -> 3.99 | L352: =(Sales!$J352-Sales!$B352)/Sales!$J352 -> -0.050506329 | M352: =IF(L352<0%,"Below 0%",IF(L352=0%,"0%",IF(AND(L352<=5%,L352>0%),"0%-5%",IF(AND(L352<=10%,L352>5%),"5%-10%",IF(AND(L352<=15%,L352>10%),"10%-15%",IF(AND(L352<=20%,L352>15%),"15%-20%","+20%")))))) -> Below 0% | N352: Madrid | O352: Spain | P352: EMEA | Q352: Medium
A353: 28 | B353: 92.57 | C353: =Sales!$B353*Sales!$A353 -> 2591.96 | D353: 38001 | E353: Shipped | F353: 1 | G353: 1 | H353: 2004 | I353: Classic Cars | J353: 79 | K353: =Sales!$B353-Sales!$J353 -> 13.57 | L353: =(Sales!$J353-Sales!$B353)/Sales!$J353 -> -0.17177215 | M353: =IF(L353<0%,"Below 0%",IF(L353=0%,"0%",IF(AND(L353<=5%,L353>0%),"0%-5%",IF(AND(L353<=10%,L353>5%),"5%-10%",IF(AND(L353<=15%,L353>10%),"10%-15%",IF(AND(L353<=20%,L353>15%),"15%-20%","+20%")))))) -> Below 0% | N353: Paris | O353: France | P353: EMEA | Q353: Small
A354: 37 | B354: 77.41 | C354: =Sales!$B354*Sales!$A354 -> 2864.17 | D354: 38039 | E354: Shipped | F354: 1 | G354: 2 | H354: 2004 | I354: Classic Cars | J354: 79 | K354: =Sales!$B354-Sales!$J354 -> -1.59 | L354: =(Sales!$J354-Sales!$B354)/Sales!$J354 -> 0.020126582 | M354: =IF(L354<0%,"Below 0%",IF(L354=0%,"0%",IF(AND(L354<=5%,L354>0%),"0%-5%",IF(AND(L354<=10%,L354>5%),"5%-10%",IF(AND(L354<=15%,L354>10%),"10%-15%",IF(AND(L354<=20%,L354>15%),"15%-20%","+20%")))))) -> 0%-5% | N354: Gensve | O354: Switzerland | P354: EMEA | Q354: Small
A355: 20 | B355: 74.21 | C355: =Sales!$B355*Sales!$A355 -> 1484.2 | D355: 38086 | E355: Shipped | F355: 2 | G355: 4 | H355: 2004 | I355: Classic Cars | J355: 79 | K355: =Sales!$B355-Sales!$J355 -> -4.79 | L355: =(Sales!$J355-Sales!$B355)/Sales!$J355 -> 0.060632911 | M355: =IF(L355<0%,"Below 0%",IF(L355=0%,"0%",IF(AND(L355<=5%,L355>0%),"0%-5%",IF(AND(L355<=10%,L355>5%),"5%-10%",IF(AND(L355<=15%,L355>10%),"10%-15%",IF(AND(L355<=20%,L355>15%),"15%-20%","+20%")))))) -> 5%-10% | N355: Kobenhavn | O355: Denmark | P355: EMEA | Q355: Small
A356: 25 | B356: 90.17 | C356: =Sales!$B356*Sales!$A356 -> 2254.25 | D356: 38139 | E356: Cancelled | F356: 2 | G356: 6 | H356: 2004 | I356: Classic Cars | J356: 79 | K356: =Sales!$B356-Sales!$J356 -> 11.17 | L356: =(Sales!$J356-Sales!$B356)/Sales!$J356 -> -0.14139241 | M356: =IF(L356<0%,"Below 0%",IF(L356=0%,"0%",IF(AND(L356<=5%,L356>0%),"0%-5%",IF(AND(L356<=10%,L356>5%),"5%-10%",IF(AND(L356<=15%,L356>10%),"10%-15%",IF(AND(L356<=20%,L356>15%),"15%-20%","+20%")))))) -> Below 0% | N356: Liverpool | O356: UK | P356: EMEA | Q356: Small
A357: 35 | B357: 76.61 | C357: =Sales!$B357*Sales!$A357 -> 2681.35 | D357: 38174 | E357: Shipped | F357: 3 | G357: 7 | H357: 2004 | I357: Classic Cars | J357: 79 | K357: =Sales!$B357-Sales!$J357 -> -2.39 | L357: =(Sales!$J357-Sales!$B357)/Sales!$J357 -> 0.030253165 | M357: =IF(L357<0%,"Below 0%",IF(L357=0%,"0%",IF(AND(L357<=5%,L357>0%),"0%-5%",IF(AND(L357<=10%,L357>5%),"5%-10%",IF(AND(L357<=15%,L357>10%),"10%-15%",IF(AND(L357<=20%,L357>15%),"15%-20%","+20%")))))) -> 0%-5% | N357: Reggio Emilia | O357: Italy | P357: EMEA | Q357: Small
A358: 38 | B358: 83.79 | C358: =Sales!$B358*Sales!$A358 -> 3184.02 | D358: 38201 | E358: Shipped | F358: 3 | G358: 8 | H358: 2004 | I358: Classic Cars | J358: 79 | K358: =Sales!$B358-Sales!$J358 -> 4.79 | L358: =(Sales!$J358-Sales!$B358)/Sales!$J358 -> -0.060632911 | M358: =IF(L358<0%,"Below 0%",IF(L358=0%,"0%",IF(AND(L358<=5%,L358>0%),"0%-5%",IF(AND(L358<=10%,L358>5%),"5%-10%",IF(AND(L358<=15%,L358>10%),"10%-15%",IF(AND(L358<=20%,L358>15%),"15%-20%","+20%")))))) -> Below 0% | N358: Brickhaven | O358: USA | P358: NA | Q358: Medium
... A368: 34 | B368: 90.17 | C368: =Sales!$B368*Sales!$A368 -> 3065.78 | D368: 38489 | E368: Shipped | F368: 2 | G368: 5 | H368: 2005 | I368: Classic Cars | J368: 79 | K368: =Sales!$B368-Sales!$J368 -> 11.17 | L368: =(Sales!$J368-Sales!$B368)/Sales!$J368 -> -0.14139241 | M368: =IF(L368<0%,"Below 0%",IF(L368=0%,"0%",IF(AND(L368<=5%,L368>0%),"0%-5%",IF(AND(L368<=10%,L368>5%),"5%-10%",IF(AND(L368<=15%,L368>10%),"10%-15%",IF(AND(L368<=20%,L368>15%),"15%-20%","+20%")))))) -> Below 0% | N368: Salzburg | O368: Austria | P368: EMEA | Q368: Medium
A369: 41 | B369: 100 | C369: =Sales!$B369*Sales!$A369 -> 4100 | D369: 37652 | E369: Shipped | F369: 1 | G369: 1 | H369: 2003 | I369: Trucks and Buses | J369: 118 | K369: =Sales!$B369-Sales!$J369 -> -18 | L369: =(Sales!$J369-Sales!$B369)/Sales!$J369 -> 0.15254237 | M369: 10%-15% | N369: Madrid | O369: Spain | P369: EMEA | Q369: Medium
A370: 46 | B370: 100 | C370: =Sales!$B370*Sales!$A370 -> 4600 | D370: 37715 | E370: Shipped | F370: 2 | G370: 4 | H370: 2003 | I370: Trucks and Buses | J370: 118 | K370: =Sales!$B370-Sales!$J370 -> -18 | L370: =(Sales!$J370-Sales!$B370)/Sales!$J370 -> 0.15254237 | M370: 10%-15% | N370: NYC | O370: USA | P370: NA | Q370: Medium
A371: 24 | B371: 100 | C371: =Sales!$B371*Sales!$A371 -> 2400 | D371: 37775 | E371: Shipped | F371: 2 | G371: 6 | H371: 2003 | I371: Trucks and Buses | J371: 118 | K371: =Sales!$B371-Sales!$J371 -> -18 | L371: =(Sales!$J371-Sales!$B371)/Sales!$J371 -> 0.15254237 | M371: 10%-15% | N371: NYC | O371: USA | P371: NA | Q371: Small
A372: 21 | B372: 100 | C372: =Sales!$B372*Sales!$A372 -> 2100 | D372: 37834 | E372: Shipped | F372: 3 | G372: 8 | H372: 2003 | I372: Trucks and Buses | J372: 118 | K372: =Sales!$B372-Sales!$J372 -> -18 | L372: =(Sales!$J372-Sales!$B372)/Sales!$J372 -> 0.15254237 | M372: 10%-15% | N372: Espoo | O372: Finland | P372: EMEA | Q372: Small
A373: 24 | B373: 100 | C373: =Sales!$B373*Sales!$A373 -> 2400 | D373: 37885 | E373: Shipped | F373: 3 | G373: 9 | H373: 2003 | I373: Trucks and Buses | J373: 118 | K373: =Sales!$B373-Sales!$J373 -> -18 | L373: =(Sales!$J373-Sales!$B373)/Sales!$J373 -> 0.15254237 | M373: 10%-15% | N373: Oulu | O373: Finland | P373: EMEA | Q373: Medium
A374: 48 | B374: 100 | C374: =Sales!$B374*Sales!$A374 -> 4800 | D374: 37916 | E374: Shipped | F374: 4 | G374: 10 | H374: 2003 | I374: Trucks and Buses | J374: 118 | K374: =Sales!$B374-Sales!$J374 -> -18 | L374: =(Sales!$J374-Sales!$B374)/Sales!$J374 -> 0.15254237 | M374: 10%-15% | N374: Singapore | O374: Singapore | P374: APAC | Q374: Medium
A375: 26 | B375: 100 | C375: =Sales!$B375*Sales!$A375 -> 2600 | D375: 37931 | E375: Shipped | F375: 4 | G375: 11 | H375: 2003 | I375: Trucks and Buses | J375: 118 | K375: =Sales!$B375-Sales!$J375 -> -18 | L375: =(Sales!$J375-Sales!$B375)/Sales!$J375 -> 0.15254237 | M375: 10%-15% | N375: London | O375: UK | P375: EMEA | Q375: Medium
A376: 37 | B376: 100 | C376: =Sales!$B376*Sales!$A376 -> 3700 | D376: 37939 | E376: Shipped | F376: 4 | G376: 11 | H376: 2003 | I376: Trucks and Buses | J376: 118 | K376: =Sales!$B376-Sales!$J376 -> -18 | L376: =(Sales!$J376-Sales!$B376)/Sales!$J376 -> 0.15254237 | M376: 10%-15% | N376: Sevilla | O376: Spain | P376: EMEA | Q376: Medium
A377: 49 | B377: 100 | C377: =Sales!$B377*Sales!$A377 -> 4900 | D377: 37950 | E377: Shipped | F377: 4 | G377: 11 | H377: 2003 | I377: Trucks and Buses | J377: 118 | K377: =Sales!$B377-Sales!$J377 -> -18 | L377: =(Sales!$J377-Sales!$B377)/Sales!$J377 -> 0.15254237 | M377: 10%-15% | N377: White Plains | O377: USA | P377: NA | Q377: Medium
A378: 34 | B378: 99.54 | C378: =Sales!$B378*Sales!$A378 -> 3384.36 | D378: 37964 | E378: Shipped | F378: 4 | G378: 12 | H378: 2003 | I378: Trucks and Buses | J378: 118 | K378: =Sales!$B378-Sales!$J378 -> -18.46 | L378: =(Sales!$J378-Sales!$B378)/Sales!$J378 -> 0.15644068 | M378: =IF(L378<0%,"Below 0%",IF(L378=0%,"0%",IF(AND(L378<=5%,L378>0%),"0%-5%",IF(AND(L378<=10%,L378>5%),"5%-10%",IF(AND(L378<=15%,L378>10%),"10%-15%",IF(AND(L378<=20%,L378>15%),"15%-20%","+20%")))))) -> 15%-20% | N378: Boston | O378: USA | P378: NA | Q378: Medium
A379: 48 | B379: 100 | C379: =Sales!$B379*Sales!$A379 -> 4800 | D379: 38027 | E379: Shipped | F379: 1 | G379: 2 | H379: 2004 | I379: Trucks and Buses | J379: 118 | K379: =Sales!$B379-Sales!$J379 -> -18 | L379: =(Sales!$J379-Sales!$B379)/Sales!$J379 -> 0.15254237 | M379: 10%-15% | N379: Brisbane | O379: USA | P379: NA | Q379: Medium
A380: 36 | B380: 100 | C380: =Sales!$B380*Sales!$A380 -> 3600 | D380: 38057 | E380: Shipped | F380: 1 | G380: 3 | H380: 2004 | I380: Trucks and Buses | J380: 118 | K380: =Sales!$B380-Sales!$J380 -> -18 | L380: =(Sales!$J380-Sales!$B380)/Sales!$J380 -> 0.15254237 | M380: 10%-15% | N380: San Rafael | O380: USA | P380: NA | Q380: Medium
A381: 46 | B381: 100 | C381: =Sales!$B381*Sales!$A381 -> 4600 | D381: 38112 | E381: Shipped | F381: 2 | G381: 5 | H381: 2004 | I381: Trucks and Buses | J381: 118 | K381: =Sales!$B381-Sales!$J381 -> -18 | L381: =(Sales!$J381-Sales!$B381)/Sales!$J381 -> 0.15254237 | M381: 10%-15% | N381: Madrid | O381: Spain | P381: EMEA | Q381: Medium
A382: 46 | B382: 100 | C382: =Sales!$B382*Sales!$A382 -> 4600 | D382: 38153 | E382: Shipped | F382: 2 | G382: 6 | H382: 2004 | I382: Trucks and Buses | J382: 118 | K382: =Sales!$B382-Sales!$J382 -> -18 | L382: =(Sales!$J382-Sales!$B382)/Sales!$J382 -> 0.15254237 | M382: 10%-15% | N382: Singapore | O382: Singapore | P382: APAC | Q382: Medium
A383: 31 | B383: 97.17 | C383: =Sales!$B383*Sales!$A383 -> 3012.27 | D383: 38188 | E383: Shipped | F383: 3 | G383: 7 | H383: 2004 | I383: Trucks and Buses | J383: 118 | K383: =Sales!$B383-Sales!$J383 -> -20.83 | L383: =(Sales!$J383-Sales!$B383)/Sales!$J383 -> 0.17652542 | M383: =IF(L383<0%,"Below 0%",IF(L383=0%,"0%",IF(AND(L383<=5%,L383>0%),"0%-5%",IF(AND(L383<=10%,L383>5%),"5%-10%",IF(AND(L383<=15%,L383>10%),"10%-15%",IF(AND(L383<=20%,L383>15%),"15%-20%","+20%")))))) -> 15%-20% | N383: San Rafael | O383: USA | P383: NA | Q383: Medium
A384: 41 | B384: 100 | C384: =Sales!$B384*Sales!$A384 -> 4100 | D384: 38218 | E384: Shipped | F384: 3 | G384: 8 | H384: 2004 | I384: Trucks and Buses | J384: 118 | K384: =Sales!$B384-Sales!$J384 -> -18 | L384: =(Sales!$J384-Sales!$B384)/Sales!$J384 -> 0.15254237 | M384: 10%-15% | N384: Allentown | O384: USA | P384: NA | Q384: Medium
...

Sheet DASHBOARD

Sheet Pivot tables
A1: total sales | E1: AVG Discount | J1: sales by country | O1: sales by city | T1: sales by product | X1: sales over time | AB1: percentage of orders status | AF1: AVG OF quantity | AJ1: discount VS sales | AN1: AVG Of Price Each
A4: Sum of SALES | E4: Average of AVG DISCOUNT | J4: Row Labels | K4: Sum of SALES | O4: Row Labels | P4: Sum of SALES | T4: Row Labels | U4: Sum of SALES | X4: Row Labels | Y4: Sum of SALES | AB4: Row Labels | AC4: Count of STATUS | AF4: Average of QUANTITY ORDERED | AJ4: Row Labels | AK4: Sum of SALES | AN4: Average of PRICE EACH
A5: 8290886.8 | E5: 0.09514055 | J5: USA | K5: 2986425.2 | O5: Madrid | P5: 902094.19 | T5: Classic Cars | U5: 2968546.4 | X5: Jan | Y5: 659582.29 | AB5: Cancelled | AC5: 0.021253985 | AF5: 35.092809 | AJ5: +20% | AK5: 2571729.7 | AN5: 83.658544
J6: Spain | K6: 1021706 | O6: San Rafael | P6: 530587.19 | T6: Vintage Cars | U6: 1644212.1 | X6: Feb | Y6: 668328.15 | AB6: Disputed | AC6: 0.0049592632 | AJ6: 0% | AK6: 173545.19
J7: France | K7: 919257.85 | O7: NYC | P7: 450418.63 | T7: Motorcycles | U7: 971086.29 | X7: Mar | Y7: 626186.73 | AB7: In Process | AC7: 0.014523557 | AG7: =GETPIVOTDATA("QUANTITY ORDERED",$AF$4) -> 35.092809 | AJ7: 0%-5% | AK7: 757938.06 | AO7: =GETPIVOTDATA("PRICE EACH",$AN$4) -> 83.658544
J8: Australia | K8: 521598.46 | O8: Singapore | P8: 227985.5 | T8: Trucks and Buses | U8: 947355.18 | X8: Apr | Y8: 560334.46 | AB8: On Hold | AC8: 0.015586256 | AJ8: 10%-15% | AK8: 1154373.2
B9: =GETPIVOTDATA("SALES",$A$4) -> 8290886.8 | F9: =GETPIVOTDATA("AVG DISCOUNT",$E$4) -> 0.09514055 | J9: UK | K9: 413203.34 | O9: Paris | P9: 212959.82 | T9: Planes | U9: 877942.21 | X9: May | Y9: 756812.91 | AB9: Resolved | AC9: 0.016648955 | AJ9: 15%-20% | AK9: 859087.03
J10: Italy | K10: 309402.87 | O10: San Francisco | P10: 179088.23 | T10: Ships | U10: 677940.4 | X10: Jun | Y10: 384743.59 | AB10: Shipped | AC10: 0.92702798 | AJ10: 5%-10% | AK10: 485914.23
J11: Finland | K11: 268714.7 | O11: Nantes | P11: 175122.98 | T11: Trains | U11: 203804.26 | X11: Jul | Y11: 420973.34 | AB11: Grand Total | AC11: 1 | AJ11: Below 0% | AK11: 2288299.4
J12: Norway | K12: 246115.8 | O12: New Bedford | P12: 172699.65 | T12: Grand Total | U12: 8290886.8 | X12: Aug | Y12: 552132.91 | AJ12: Grand Total | AK12: 8290886.8
J13: Singapore | K13: 227985.5 | O13: Melbourne | P13: 164575.87 | X13: Sep | Y13: 474900.12
J14: Canada | K14: 193504.34 | O14: Brickhaven | P14: 141145.54 | X14: Oct | Y14: 919036.7
J15: Grand Total | K15: 7107914 | O15: Grand Total | P15: 3156677.6 | X15: Nov | Y15: 1744682.4 | AC15: =GETPIVOTDATA("STATUS",$AB$4,"STATUS","Shipped") -> 0.92702798
X16: Dec | Y16: 523173.14 | AC16: =GETPIVOTDATA("STATUS",$AB$4,"STATUS","Cancelled") -> 0.021253985
X17: Grand Total | Y17: 8290886.8 | AC17: =GETPIVOTDATA("STATUS",$AB$4,"STATUS","Resolved") -> 0.016648955
AC18: =GETPIVOTDATA("STATUS",$AB$4,"STATUS","On Hold") -> 0.015586256
AC19: =GETPIVOTDATA("STATUS",$AB$4,"STATUS","In Process") -> 0.014523557
AC20: =GETPIVOTDATA("STATUS",$AB$4,"STATUS","Disputed") -> 0.0049592632
